{
  "player": "Player1",
  "position": "all",
  "action": "all",
  "total_hands": 30,
  "known_hands": 30,
  "vpip": 100.0,
  "pfr": 0.0,
  "threeb": 0.0,
  "hand_frequencies": {
    "4Jo": 0.06666666666666667,
    "6To": 0.03333333333333333,
    "JJ": 0.03333333333333333,
    "Q2s": 0.03333333333333333,
    "72o": 0.03333333333333333,
    "87o": 0.03333333333333333,
    "77": 0.03333333333333333,
    "Q2o": 0.03333333333333333,
    "97o": 0.03333333333333333,
    "2Qo": 0.03333333333333333,
    "5Ks": 0.03333333333333333,
    "7Ko": 0.03333333333333333,
    "46o": 0.03333333333333333,
    "KTo": 0.03333333333333333,
    "98o": 0.03333333333333333,
    "6Jo": 0.03333333333333333,
    "J4s": 0.03333333333333333,
    "65o": 0.03333333333333333,
    "A6s": 0.03333333333333333,
    "6Qo": 0.03333333333333333,
    "67o": 0.03333333333333333,
    "ATo": 0.03333333333333333,
    "4Ks": 0.03333333333333333,
    "Q7o": 0.03333333333333333,
    "AQs": 0.03333333333333333,
    "52o": 0.03333333333333333,
    "95o": 0.03333333333333333,
    "3Ao": 0.03333333333333333,
    "94o": 0.03333333333333333
  },
  "category_frequencies": {
    "pairs": 0.06666666666666667,
    "suited": 0.2,
    "offsuit": 0.7333333333333333
  },
  "top_hands": {
    "4Jo": 2,
    "6To": 1,
    "JJ": 1,
    "Q2s": 1,
    "72o": 1,
    "87o": 1,
    "77": 1,
    "Q2o": 1,
    "97o": 1,
    "2Qo": 1
  }
}