{
  "player": "a77da55027d2fa0d53b7aa0b161daca7",
  "position": "all",
  "action": "all",
  "total_hands": 30,
  "known_hands": 30,
  "vpip": 100.0,
  "pfr": 0.0,
  "threeb": 0.0,
  "hand_frequencies": {
    "KJo": 0.1,
    "43o": 0.06666666666666667,
    "4Ao": 0.06666666666666667,
    "3Ks": 0.03333333333333333,
    "Q9s": 0.03333333333333333,
    "93o": 0.03333333333333333,
    "34s": 0.03333333333333333,
    "57s": 0.03333333333333333,
    "3Ao": 0.03333333333333333,
    "67s": 0.03333333333333333,
    "TKo": 0.03333333333333333,
    "4Qo": 0.03333333333333333,
    "69o": 0.03333333333333333,
    "2Jo": 0.03333333333333333,
    "Q4o": 0.03333333333333333,
    "82o": 0.03333333333333333,
    "7Js": 0.03333333333333333,
    "99": 0.03333333333333333,
    "J9o": 0.03333333333333333,
    "TJo": 0.03333333333333333,
    "48o": 0.03333333333333333,
    "77": 0.03333333333333333,
    "Q6s": 0.03333333333333333,
    "84o": 0.03333333333333333,
    "T6o": 0.03333333333333333,
    "8Ko": 0.03333333333333333
  },
  "category_frequencies": {
    "pairs": 0.06666666666666667,
    "suited": 0.23333333333333334,
    "offsuit": 0.7
  },
  "top_hands": {
    "KJo": 3,
    "43o": 2,
    "4Ao": 2,
    "3Ks": 1,
    "Q9s": 1,
    "93o": 1,
    "34s": 1,
    "57s": 1,
    "3Ao": 1,
    "67s": 1
  }
}